title,date_venue,city,source,scraped_at
Connect with Australian & New Zealand Buyers at Global Sourcing Expo Australia | Exhibit Today.,Check website,Maharashtra,fibre2fashion,2026-07-09 14:02
Showcase your apparel brand at Europe's largest B2B clothing fair Expo Trends 2026 | Get Ticket,Check website,Maharashtra,fibre2fashion,2026-07-09 14:02
Intelligence TexPro F2F Prime News Trade Fairs & Events Marketplace Marketing Solutions Digital Advertisement Print Advertisement Webinar Marketing Media Booster Magazine Subscription Articles,Check website,Maharashtra,fibre2fashion,2026-07-09 14:02
All Categories Articles News Buyers Suppliers Trade Fairs Interview Market Intelligence,Check website,Maharashtra,fibre2fashion,2026-07-09 14:02
Home / Trade Fair / maharashtra / india / all,Check website,Maharashtra,fibre2fashion,2026-07-09 14:02
"Sutraa The Indian Fashion Exhibition - Indore 2026 Indore, India 11th Jul, 2026 to 12th Jul, 2026 2 days to go Apparel Leather & Footwear Accessories",Check website,Maharashtra,fibre2fashion,2026-07-09 14:02
"Sutraa The Indian Fashion Exhibition - Indore 2026 Indore, India 11th Jul, 2026 to 12th Jul, 2026 2 days to go",Check website,Maharashtra,fibre2fashion,2026-07-09 14:02
Sutraa The Indian Fashion Exhibition - Indore 2026,Check website,Maharashtra,fibre2fashion,2026-07-09 14:02
"LTD Exhibition (33rd Edition) Mumbai - 2026 Mumbai, India 17th Jul, 2026 to 18th Jul, 2026 8 days to go Apparel Leather & Footwear Accessories Home textile",Check website,Maharashtra,fibre2fashion,2026-07-09 14:02
"LTD Exhibition (33rd Edition) Mumbai - 2026 Mumbai, India 17th Jul, 2026 to 18th Jul, 2026 8 days to go",Check website,Maharashtra,fibre2fashion,2026-07-09 14:02
LTD Exhibition (33rd Edition) Mumbai - 2026,Check website,Maharashtra,fibre2fashion,2026-07-09 14:02
"Gifts World Expo - New Delhi 2026 New Delhi, India 30th Jul, 2026 to 1st Aug, 2026 21 days to go Apparel Accessories Home textile",Check website,Maharashtra,fibre2fashion,2026-07-09 14:02
"Gifts World Expo - New Delhi 2026 New Delhi, India 30th Jul, 2026 to 1st Aug, 2026 21 days to go",Check website,Maharashtra,fibre2fashion,2026-07-09 14:02
Gifts World Expo - New Delhi 2026,Check website,Maharashtra,fibre2fashion,2026-07-09 14:02
"LTD Exhibition (34th Edition) Mumbai - 2026 Mumbai , India 7th Aug, 2026 to 8th Aug, 2026 29 days to go Apparel Leather & Footwear Accessories Home textile",Check website,Maharashtra,fibre2fashion,2026-07-09 14:02
"LTD Exhibition (34th Edition) Mumbai - 2026 Mumbai , India 7th Aug, 2026 to 8th Aug, 2026 29 days to go",Check website,Maharashtra,fibre2fashion,2026-07-09 14:02
LTD Exhibition (34th Edition) Mumbai - 2026,Check website,Maharashtra,fibre2fashion,2026-07-09 14:02
"Gifts World Expo - Bengaluru 2026 Bengaluru, India 20th Aug, 2026 to 22nd Aug, 2026 1 month to go Apparel Accessories Home textile",Check website,Maharashtra,fibre2fashion,2026-07-09 14:02
"Gifts World Expo - Bengaluru 2026 Bengaluru, India 20th Aug, 2026 to 22nd Aug, 2026 1 month to go",Check website,Maharashtra,fibre2fashion,2026-07-09 14:02
Gifts World Expo - Bengaluru 2026,Check website,Maharashtra,fibre2fashion,2026-07-09 14:02
Upcoming Fairs List your Fair Trade Fair News Organiser's Feedback Promote your Fair,Check website,Maharashtra,fibre2fashion,2026-07-09 14:02
